"物料型号","设备类型","物料名称","物料类别","物料卡类","物料类别配置","PN号","FRU"
"IIVI-OPC4","CHASSIS","CHASSIS","CHASSIS","CHASSIS","CHASSIS","60GDA0001","BONE-Chassis"
"IIVI-OPC4-PSU","电源","电源","POWER_SUPPLY","PSU","PSU","60S780001","BONE-Power-AC-Optical"
"IIVI-OPC4-FAN","风扇","风扇","FAN","FAN","FAN","60GD10001","BONE-FAN"
"IIVI-OPC4-CU","主控","主控","CONTROLLER_CARD","CU","CU","60GD50001","BONE-EMU"
"B20-PMUX64-4837","MUX","MUX64","MUX","MUX","PMUX64","B20P483701","BONE2-PMUX64-A7F2"
"B20-MUXC64-2719","MUX","MUX_C64","MUX","MUX","MUX_C64","B20P271902","BONE2-MUXC64-C4D8"
"B20-MUX32-6154","MUX","MUX_32","MUX","MUX","MUX_32","B20P615403","BONE2-MUX32-E9B1"
"IIVI-OPC4-MUXPANEL32C32L","MUXPANEL","MUXPANEL","MUX","MUXPANEL_32C32L","MUXPANEL32C32L","60GSN0001","BONE-MUXPANEL-32C32L"
"IIVI-OPC4-PB64","MUXPANEL","MUXPANEL","MUX","MUXPANEL_64","PB64","60GSQ0001","COHR-P-B64"
"B20-FMUX32-8426","CMUX","FMUX_32","LINECARD","CMUX","FMUX_32","B20P842604","BONE2-FMUX32-B6E3"
"IIVI-OPC4-TMUXC64","CMUX","TMUXC_64","LINECARD","CMUX","TMUXC64","60G2J0001","COHR-TMUX-C64"
"IIVI-OPC4-IRACL","IRA","IRA_CL","LINECARD","IRA","IRACL","60G2G0001","BONE-IRA-CL"
"IIVI-OPC4-TMUXC3232","IRA","TMUX-C32-32","LINECARD","IRA","TMUXC32_32","60G2N0001","COHR-TMUX-C32-32"
"B20-IRA32-3948","IRA","IRA_32","LINECARD","IRA","IRA_32","B20P394805","BONE2-IRA32-D2A7"
"IIVI-OPC4-TMUXC32","OA","OA_C","LINECARD","OA","TMUXC_32","60G1C0001","COHR-TMUX-C-32"
"IIVI-OPC4-ILADC32","ILA","ILA_C","LINECARD","ILA","ILADC_32","60G1E0001","COHR-ILAD-C-32"
"IIVI-OPC4-ILACL","ILA","ILA_CL","LINECARD","ILA","ILACL","60G1L0001","BONE-ILA-CL"
"B20-TILA-7283","ILA","TILA","LINECARD","ILA","TILA","B20P728306","BONE2-TILA-F5C9"
"B20-OLP3-1567","OP","OLP3","LINECARD","OP","OLP3","B20P156707","BONE2-OLP3-A3D6"
"IIVI-OPC4-OP","OP","OLP3_3","LINECARD","OP","OLP3_3","60G580001","BONE-OLP3-3"
"B20-DGE-9072","DGE","DGE","LINECARD","DGE","DGE","B20P907208","BONE2-DGE-C8F4"
"IIVI-OPC4-ILADCDGE32","DGE","DGE_C","LINECARD","DGE","ILADC_DGE_32","60G1F0001","COHR-ILAD-C-DGE-32"
"IIVI-OPC4-DGECL","DGE","DGE_CL","LINECARD","DGE","DGECL","60G1M0001","BONE-DGE-CL"
"B20-RAMANCL16-5631","RAMAN","RAMAN_CL","LINECARD","RAMAN","RAMANCL_16","B20P563109","BONE2-RAMANCL16-E1B5"
"IIVI-OPC4-BLANK","EMPTY","EMPTY","Blank Filler","BLANK","BLANK","60GD70001","BONE-Fill"
"IIVI-OPC4-PANEL","面板","面板","PANEL","PANEL","PANEL","60GD30001","BONE-PANEL"
