"物料型号","设备类型","物料名称","物料类别","物料卡类","物料类别配置"
"IIVI-CHASSIS-2.0","DWDM","DWDM子架","CHASSIS","无","CHASSIS"
"IIVI-CHASSIS-2.0-PSU","DWDM","DWDM板卡","POWER_SUPPLY","AC_HDC","PSU"
"IIVI-CHASSIS-2.0-FAN","DWDM","DWDM板卡","FAN","无","FAN"
"IIVI-CHASSIS-2.0-PANEL","DWDM","DWDM板卡","PANEL","无","PANEL"
"IIVI-CHASSIS-2.0-CU","DWDM","DWDM板卡","CONTROLLER_CARD","无","CU"
"IIVI-CHASSIS-2.0-OA25","DWDM","DWDM板卡","LINECARD","OA","OA25"
"IIVI-CHASSIS-2.0-OA35","DWDM","DWDM板卡","LINECARD","OA","OA35"
"IIVI-CHASSIS-2.0-OLA25","DWDM","DWDM板卡","LINECARD","ILA","OLA25"
"IIVI-CHASSIS-2.0-OLA325A","DWDM","DWDM板卡","LINECARD","ILA","OLA325A"
"IIVI-CHASSIS-2.0-OLA35B","DWDM","DWDM板卡","LINECARD","ILA","OLA35B"
"IIVI-CHASSIS-2.0-OP","DWDM","DWDM板卡","LINECARD","OP","OP"
"IIVI-CHASSIS-2.0-OP1","DWDM","DWDM板卡","LINECARD","OP","OP1"
"IIVI-CHASSIS-2.0-OP2","DWDM","DWDM板卡","LINECARD","OP","OP2"
"IIVI-CHASSIS-2.0-MUX96","DWDM","DWDM板卡","MUX","MUX96","MUX-96"
"IIVI-CHASSIS-2.0-BLANK","DWDM","DWDM板卡","","","BLANK"
"IIVI-CHASSIS-2.0-MUX64","DWDM","DWDM板卡","MUX","MUX64","MUX-64"
"IIVI-CHASSIS-2.0-MUX48","DWDM","DWDM板卡","MUX","MUX64","MUX-48"
"IIVI-CHASSIS-2.0-WSS5","DWDM","DWDM板卡","LINECARD","WSS","WSS5"
"IIVI-CHASSIS-2.0-WSS9","DWDM","DWDM板卡","LINECARD","WSS","WSS9"
"IIVI-CHASSIS-2.0-PSU-DC","DWDM","DWDM板卡","POWER_SUPPLY","DC","PSU"
"IIVI-CHASSIS-2.0-TMUX","DWDM","DWDM板卡","LINECARD","TMUX","TMUX"
"IIVI-CHASSIS-2.0-M10Q2B2","DWDM","DWDM板卡","LINECARD","TMUX-1","M10Q2B2"
"IIVI-CHASSIS-2.0-T4B4","DWDM","DWDM板卡","LINECARD","TMUX","T4B4"
"IIVI-CHASSIS-2.0-TMUX-2","DWDM","DWDM板卡","LINECARD","TMUX-2","TMUX-2"
"IIVI-CHASSIS-2.0-TMUX-3","DWDM","DWDM板卡","LINECARD","TMUX-3","TMUX-3"
"IIVI-CHASSIS-2.0-TRANSCEIVER-L","DWDM","DWDM模块(L口)","TRANSCEIVER","无","TRANSCEIVER-L"
"IIVI-CHASSIS-2.0-TRANSCEIVER-C-ETH_100GBASE_CWDM4","DWDM","DWDM模块(C口)","TRANSCEIVER","ETH_100GBASE_CWDM4","TRANSCEIVER-C"
"IIVI-CHASSIS-2.0-TRANSCEIVER-C-ETH_100GBASE_LR4","DWDM","DWDM模块(C口)","TRANSCEIVER","ETH_100GBASE_LR4","TRANSCEIVER-C"
"IIVI-CHASSIS-2.0-TRANSCEIVER-C-ETH_10GBASE_LR","DWDM","DWDM模块(C口)","TRANSCEIVER","ETH_10GBASE_LR","TRANSCEIVER-C"
"IIVI-CHASSIS-2.0-TRANSCEIVER-C-ETH_10GBASE_ZR","DWDM","DWDM模块(C口)","TRANSCEIVER","ETH_10GBASE_ZR","TRANSCEIVER-C"
"IIVI-CHASSIS-2.0-TRANSCEIVER-C-ETH_10GBASE_SR","DWDM","DWDM模块(C口)","TRANSCEIVER","ETH_10GBASE_SR","TRANSCEIVER-C"
"IIVI-CHASSIS-2.0-TRANSCEIVER-C-STM64_XI_64","DWDM","DWDM模块(C口)","TRANSCEIVER","STM64_XI_64","TRANSCEIVER-C"
"IIVI-CHASSIS-2.0-TRANSCEIVER-C-STM64_XL_64","DWDM","DWDM模块(C口)","TRANSCEIVER","STM64_XL_64","TRANSCEIVER-C"
"IIVI-CHASSIS-2.0-TRANSCEIVER-C-STM64_XS_64","DWDM","DWDM模块(C口)","TRANSCEIVER","STM64_XS_64","TRANSCEIVER-C"