table,counterName,export,中文名
amplifier,state.actual_gain,Y,
amplifier,state.actual_gain_tilt,Y,
amplifier,state.egress_voa_atten,Y,
amplifier,state.input_power_c_band,Y,
amplifier,state.input_power_l_band,Y,
amplifier,state.input_power_total,Y,
amplifier,state.laser_bias_current,Y,
amplifier,state.optical_return_loss,Y,
amplifier,state.output_power_c_band,Y,
amplifier,state.output_power_l_band,Y,
amplifier,state.output_power_total,Y,
cu,state.0.cpu_usage_kernel,Y,
cu,state.0.cpu_usage_user,Y,
cu,state.0.cpu_utilization,Y,
cu,state.0.index,Y,
cu,state.0.memory_usage,Y,
cu,state.0.memory_utilization,Y,
cu,state.0.pid,Y,
cu,state.0.start_time,Y,
cu,state.0.uptime,Y,
cu,state.1.cpu_usage_kernel,Y,
cu,state.1.cpu_usage_user,Y,
cu,state.1.cpu_utilization,Y,
cu,state.1.index,Y,
cu,state.1.memory_usage,Y,
cu,state.1.memory_utilization,Y,
cu,state.1.pid,Y,
cu,state.1.start_time,Y,
cu,state.1.uptime,Y,
cu,state.10.cpu_usage_kernel,Y,
cu,state.10.cpu_usage_user,Y,
cu,state.10.cpu_utilization,Y,
cu,state.10.memory_usage,Y,
cu,state.10.memory_utilization,Y,
cu,state.10.pid,Y,
cu,state.10.start_time,Y,
cu,state.10.uptime,Y,
cu,state.11.cpu_usage_kernel,Y,
cu,state.11.cpu_usage_user,Y,
cu,state.11.cpu_utilization,Y,
cu,state.11.memory_usage,Y,
cu,state.11.memory_utilization,Y,
cu,state.11.pid,Y,
cu,state.11.start_time,Y,
cu,state.11.uptime,Y,
cu,state.12.cpu_usage_kernel,Y,
cu,state.12.cpu_usage_user,Y,
cu,state.12.cpu_utilization,Y,
cu,state.12.memory_usage,Y,
cu,state.12.memory_utilization,Y,
cu,state.12.pid,Y,
cu,state.12.start_time,Y,
cu,state.12.uptime,Y,
cu,state.13.cpu_usage_kernel,Y,
cu,state.13.cpu_usage_user,Y,
cu,state.13.cpu_utilization,Y,
cu,state.13.memory_usage,Y,
cu,state.13.memory_utilization,Y,
cu,state.13.pid,Y,
cu,state.13.start_time,Y,
cu,state.13.uptime,Y,
cu,state.14.cpu_usage_kernel,Y,
cu,state.14.cpu_usage_user,Y,
cu,state.14.cpu_utilization,Y,
cu,state.14.memory_usage,Y,
cu,state.14.memory_utilization,Y,
cu,state.14.pid,Y,
cu,state.14.start_time,Y,
cu,state.14.uptime,Y,
cu,state.15.cpu_usage_kernel,Y,
cu,state.15.cpu_usage_user,Y,
cu,state.15.cpu_utilization,Y,
cu,state.15.memory_usage,Y,
cu,state.15.memory_utilization,Y,
cu,state.15.pid,Y,
cu,state.15.start_time,Y,
cu,state.15.uptime,Y,
cu,state.16.cpu_usage_kernel,Y,
cu,state.16.cpu_usage_user,Y,
cu,state.16.cpu_utilization,Y,
cu,state.16.memory_usage,Y,
cu,state.16.memory_utilization,Y,
cu,state.16.pid,Y,
cu,state.16.start_time,Y,
cu,state.16.uptime,Y,
cu,state.17.cpu_usage_kernel,Y,
cu,state.17.cpu_usage_user,Y,
cu,state.17.cpu_utilization,Y,
cu,state.17.memory_usage,Y,
cu,state.17.memory_utilization,Y,
cu,state.17.pid,Y,
cu,state.17.start_time,Y,
cu,state.17.uptime,Y,
cu,state.18.cpu_usage_kernel,Y,
cu,state.18.cpu_usage_user,Y,
cu,state.18.cpu_utilization,Y,
cu,state.18.memory_usage,Y,
cu,state.18.memory_utilization,Y,
cu,state.18.pid,Y,
cu,state.18.start_time,Y,
cu,state.18.uptime,Y,
cu,state.19.cpu_usage_kernel,Y,
cu,state.19.cpu_usage_user,Y,
cu,state.19.cpu_utilization,Y,
cu,state.19.memory_usage,Y,
cu,state.19.memory_utilization,Y,
cu,state.19.pid,Y,
cu,state.19.start_time,Y,
cu,state.19.uptime,Y,
cu,state.2.cpu_usage_kernel,Y,
cu,state.2.cpu_usage_user,Y,
cu,state.2.cpu_utilization,Y,
cu,state.2.index,Y,
cu,state.2.memory_usage,Y,
cu,state.2.memory_utilization,Y,
cu,state.2.pid,Y,
cu,state.2.start_time,Y,
cu,state.2.uptime,Y,
cu,state.20.cpu_usage_kernel,Y,
cu,state.20.cpu_usage_user,Y,
cu,state.20.cpu_utilization,Y,
cu,state.20.memory_usage,Y,
cu,state.20.memory_utilization,Y,
cu,state.20.pid,Y,
cu,state.20.start_time,Y,
cu,state.20.uptime,Y,
cu,state.3.cpu_usage_kernel,Y,
cu,state.3.cpu_usage_user,Y,
cu,state.3.cpu_utilization,Y,
cu,state.3.index,Y,
cu,state.3.memory_usage,Y,
cu,state.3.memory_utilization,Y,
cu,state.3.pid,Y,
cu,state.3.start_time,Y,
cu,state.3.uptime,Y,
cu,state.4.cpu_usage_kernel,Y,
cu,state.4.cpu_usage_user,Y,
cu,state.4.cpu_utilization,Y,
cu,state.4.memory_usage,Y,
cu,state.4.memory_utilization,Y,
cu,state.4.pid,Y,
cu,state.4.start_time,Y,
cu,state.4.uptime,Y,
cu,state.5.cpu_usage_kernel,Y,
cu,state.5.cpu_usage_user,Y,
cu,state.5.cpu_utilization,Y,
cu,state.5.memory_usage,Y,
cu,state.5.memory_utilization,Y,
cu,state.5.pid,Y,
cu,state.5.start_time,Y,
cu,state.5.uptime,Y,
cu,state.6.cpu_usage_kernel,Y,
cu,state.6.cpu_usage_user,Y,
cu,state.6.cpu_utilization,Y,
cu,state.6.memory_usage,Y,
cu,state.6.memory_utilization,Y,
cu,state.6.pid,Y,
cu,state.6.start_time,Y,
cu,state.6.uptime,Y,
cu,state.7.cpu_usage_kernel,Y,
cu,state.7.cpu_usage_user,Y,
cu,state.7.cpu_utilization,Y,
cu,state.7.memory_usage,Y,
cu,state.7.memory_utilization,Y,
cu,state.7.pid,Y,
cu,state.7.start_time,Y,
cu,state.7.uptime,Y,
cu,state.8.cpu_usage_kernel,Y,
cu,state.8.cpu_usage_user,Y,
cu,state.8.cpu_utilization,Y,
cu,state.8.memory_usage,Y,
cu,state.8.memory_utilization,Y,
cu,state.8.pid,Y,
cu,state.8.start_time,Y,
cu,state.8.uptime,Y,
cu,state.9.cpu_usage_kernel,Y,
cu,state.9.cpu_usage_user,Y,
cu,state.9.cpu_utilization,Y,
cu,state.9.memory_usage,Y,
cu,state.9.memory_utilization,Y,
cu,state.9.pid,Y,
cu,state.9.start_time,Y,
cu,state.9.uptime,Y,
cu,state.input_current,Y,
cu,state.input_voltage,Y,
cu,state.memory_available,Y,
cu,state.memory_utilization,Y,
cu,state.memory_utlized,Y,
cu,state.temperature,Y,
cu,state.used_power,Y,
fan,0.level,Y,
fan,0.speed,Y,
fan,0.unit_name,Y,
fan,1.level,Y,
fan,1.speed,Y,
fan,1.unit_name,Y,
fan,state.input_current,Y,
fan,state.input_voltage,Y,
fan,state.level,Y,
fan,state.speed,Y,
fan,state.temperature,Y,
fan,state.used_power,Y,
linecard,state.input_current,Y,
linecard,state.input_voltage,Y,
linecard,state.temperature,Y,
linecard,state.used_power,Y,
ocm_channel,0.index,Y,
ocm_channel,0.lower_frequency,Y,
ocm_channel,0.optical_power,Y,
ocm_channel,0.psd,Y,
ocm_channel,0.upper_frequency,Y,
ocm_channel,1.index,Y,
ocm_channel,1.lower_frequency,Y,
ocm_channel,1.optical_power,Y,
ocm_channel,1.psd,Y,
ocm_channel,1.upper_frequency,Y,
ocm_channel,10.index,Y,
ocm_channel,10.lower_frequency,Y,
ocm_channel,10.optical_power,Y,
ocm_channel,10.psd,Y,
ocm_channel,10.upper_frequency,Y,
ocm_channel,11.index,Y,
ocm_channel,11.lower_frequency,Y,
ocm_channel,11.optical_power,Y,
ocm_channel,11.psd,Y,
ocm_channel,11.upper_frequency,Y,
ocm_channel,12.index,Y,
ocm_channel,12.lower_frequency,Y,
ocm_channel,12.optical_power,Y,
ocm_channel,12.psd,Y,
ocm_channel,12.upper_frequency,Y,
ocm_channel,13.index,Y,
ocm_channel,13.lower_frequency,Y,
ocm_channel,13.optical_power,Y,
ocm_channel,13.psd,Y,
ocm_channel,13.upper_frequency,Y,
ocm_channel,14.index,Y,
ocm_channel,14.lower_frequency,Y,
ocm_channel,14.optical_power,Y,
ocm_channel,14.psd,Y,
ocm_channel,14.upper_frequency,Y,
ocm_channel,15.index,Y,
ocm_channel,15.lower_frequency,Y,
ocm_channel,15.optical_power,Y,
ocm_channel,15.psd,Y,
ocm_channel,15.upper_frequency,Y,
ocm_channel,16.index,Y,
ocm_channel,16.lower_frequency,Y,
ocm_channel,16.optical_power,Y,
ocm_channel,16.psd,Y,
ocm_channel,16.upper_frequency,Y,
ocm_channel,17.index,Y,
ocm_channel,17.lower_frequency,Y,
ocm_channel,17.optical_power,Y,
ocm_channel,17.psd,Y,
ocm_channel,17.upper_frequency,Y,
ocm_channel,18.index,Y,
ocm_channel,18.lower_frequency,Y,
ocm_channel,18.optical_power,Y,
ocm_channel,18.psd,Y,
ocm_channel,18.upper_frequency,Y,
ocm_channel,19.index,Y,
ocm_channel,19.lower_frequency,Y,
ocm_channel,19.optical_power,Y,
ocm_channel,19.psd,Y,
ocm_channel,19.upper_frequency,Y,
ocm_channel,2.index,Y,
ocm_channel,2.lower_frequency,Y,
ocm_channel,2.optical_power,Y,
ocm_channel,2.psd,Y,
ocm_channel,2.upper_frequency,Y,
ocm_channel,20.index,Y,
ocm_channel,20.lower_frequency,Y,
ocm_channel,20.optical_power,Y,
ocm_channel,20.psd,Y,
ocm_channel,20.upper_frequency,Y,
ocm_channel,21.index,Y,
ocm_channel,21.lower_frequency,Y,
ocm_channel,21.optical_power,Y,
ocm_channel,21.psd,Y,
ocm_channel,21.upper_frequency,Y,
ocm_channel,22.index,Y,
ocm_channel,22.lower_frequency,Y,
ocm_channel,22.optical_power,Y,
ocm_channel,22.psd,Y,
ocm_channel,22.upper_frequency,Y,
ocm_channel,23.index,Y,
ocm_channel,23.lower_frequency,Y,
ocm_channel,23.optical_power,Y,
ocm_channel,23.psd,Y,
ocm_channel,23.upper_frequency,Y,
ocm_channel,24.index,Y,
ocm_channel,24.lower_frequency,Y,
ocm_channel,24.optical_power,Y,
ocm_channel,24.psd,Y,
ocm_channel,24.upper_frequency,Y,
ocm_channel,25.index,Y,
ocm_channel,25.lower_frequency,Y,
ocm_channel,25.optical_power,Y,
ocm_channel,25.psd,Y,
ocm_channel,25.upper_frequency,Y,
ocm_channel,26.index,Y,
ocm_channel,26.lower_frequency,Y,
ocm_channel,26.optical_power,Y,
ocm_channel,26.psd,Y,
ocm_channel,26.upper_frequency,Y,
ocm_channel,27.index,Y,
ocm_channel,27.lower_frequency,Y,
ocm_channel,27.optical_power,Y,
ocm_channel,27.psd,Y,
ocm_channel,27.upper_frequency,Y,
ocm_channel,28.index,Y,
ocm_channel,28.lower_frequency,Y,
ocm_channel,28.optical_power,Y,
ocm_channel,28.psd,Y,
ocm_channel,28.upper_frequency,Y,
ocm_channel,29.index,Y,
ocm_channel,29.lower_frequency,Y,
ocm_channel,29.optical_power,Y,
ocm_channel,29.psd,Y,
ocm_channel,29.upper_frequency,Y,
ocm_channel,3.index,Y,
ocm_channel,3.lower_frequency,Y,
ocm_channel,3.optical_power,Y,
ocm_channel,3.psd,Y,
ocm_channel,3.upper_frequency,Y,
ocm_channel,30.index,Y,
ocm_channel,30.lower_frequency,Y,
ocm_channel,30.optical_power,Y,
ocm_channel,30.psd,Y,
ocm_channel,30.upper_frequency,Y,
ocm_channel,31.index,Y,
ocm_channel,31.lower_frequency,Y,
ocm_channel,31.optical_power,Y,
ocm_channel,31.psd,Y,
ocm_channel,31.upper_frequency,Y,
ocm_channel,32.index,Y,
ocm_channel,32.lower_frequency,Y,
ocm_channel,32.optical_power,Y,
ocm_channel,32.psd,Y,
ocm_channel,32.upper_frequency,Y,
ocm_channel,33.index,Y,
ocm_channel,33.lower_frequency,Y,
ocm_channel,33.optical_power,Y,
ocm_channel,33.psd,Y,
ocm_channel,33.upper_frequency,Y,
ocm_channel,34.index,Y,
ocm_channel,34.lower_frequency,Y,
ocm_channel,34.optical_power,Y,
ocm_channel,34.psd,Y,
ocm_channel,34.upper_frequency,Y,
ocm_channel,35.index,Y,
ocm_channel,35.lower_frequency,Y,
ocm_channel,35.optical_power,Y,
ocm_channel,35.psd,Y,
ocm_channel,35.upper_frequency,Y,
ocm_channel,36.index,Y,
ocm_channel,36.lower_frequency,Y,
ocm_channel,36.optical_power,Y,
ocm_channel,36.psd,Y,
ocm_channel,36.upper_frequency,Y,
ocm_channel,37.index,Y,
ocm_channel,37.lower_frequency,Y,
ocm_channel,37.optical_power,Y,
ocm_channel,37.psd,Y,
ocm_channel,37.upper_frequency,Y,
ocm_channel,38.index,Y,
ocm_channel,38.lower_frequency,Y,
ocm_channel,38.optical_power,Y,
ocm_channel,38.psd,Y,
ocm_channel,38.upper_frequency,Y,
ocm_channel,39.index,Y,
ocm_channel,39.lower_frequency,Y,
ocm_channel,39.optical_power,Y,
ocm_channel,39.psd,Y,
ocm_channel,39.upper_frequency,Y,
ocm_channel,4.index,Y,
ocm_channel,4.lower_frequency,Y,
ocm_channel,4.optical_power,Y,
ocm_channel,4.psd,Y,
ocm_channel,4.upper_frequency,Y,
ocm_channel,40.index,Y,
ocm_channel,40.lower_frequency,Y,
ocm_channel,40.optical_power,Y,
ocm_channel,40.psd,Y,
ocm_channel,40.upper_frequency,Y,
ocm_channel,41.index,Y,
ocm_channel,41.lower_frequency,Y,
ocm_channel,41.optical_power,Y,
ocm_channel,41.psd,Y,
ocm_channel,41.upper_frequency,Y,
ocm_channel,42.index,Y,
ocm_channel,42.lower_frequency,Y,
ocm_channel,42.optical_power,Y,
ocm_channel,42.psd,Y,
ocm_channel,42.upper_frequency,Y,
ocm_channel,43.index,Y,
ocm_channel,43.lower_frequency,Y,
ocm_channel,43.optical_power,Y,
ocm_channel,43.psd,Y,
ocm_channel,43.upper_frequency,Y,
ocm_channel,44.index,Y,
ocm_channel,44.lower_frequency,Y,
ocm_channel,44.optical_power,Y,
ocm_channel,44.psd,Y,
ocm_channel,44.upper_frequency,Y,
ocm_channel,45.index,Y,
ocm_channel,45.lower_frequency,Y,
ocm_channel,45.optical_power,Y,
ocm_channel,45.psd,Y,
ocm_channel,45.upper_frequency,Y,
ocm_channel,46.index,Y,
ocm_channel,46.lower_frequency,Y,
ocm_channel,46.optical_power,Y,
ocm_channel,46.psd,Y,
ocm_channel,46.upper_frequency,Y,
ocm_channel,47.index,Y,
ocm_channel,47.lower_frequency,Y,
ocm_channel,47.optical_power,Y,
ocm_channel,47.psd,Y,
ocm_channel,47.upper_frequency,Y,
ocm_channel,48.index,Y,
ocm_channel,48.lower_frequency,Y,
ocm_channel,48.optical_power,Y,
ocm_channel,48.psd,Y,
ocm_channel,48.upper_frequency,Y,
ocm_channel,49.index,Y,
ocm_channel,49.lower_frequency,Y,
ocm_channel,49.optical_power,Y,
ocm_channel,49.psd,Y,
ocm_channel,49.upper_frequency,Y,
ocm_channel,5.index,Y,
ocm_channel,5.lower_frequency,Y,
ocm_channel,5.optical_power,Y,
ocm_channel,5.psd,Y,
ocm_channel,5.upper_frequency,Y,
ocm_channel,50.index,Y,
ocm_channel,50.lower_frequency,Y,
ocm_channel,50.optical_power,Y,
ocm_channel,50.psd,Y,
ocm_channel,50.upper_frequency,Y,
ocm_channel,51.index,Y,
ocm_channel,51.lower_frequency,Y,
ocm_channel,51.optical_power,Y,
ocm_channel,51.psd,Y,
ocm_channel,51.upper_frequency,Y,
ocm_channel,52.index,Y,
ocm_channel,52.lower_frequency,Y,
ocm_channel,52.optical_power,Y,
ocm_channel,52.psd,Y,
ocm_channel,52.upper_frequency,Y,
ocm_channel,53.index,Y,
ocm_channel,53.lower_frequency,Y,
ocm_channel,53.optical_power,Y,
ocm_channel,53.psd,Y,
ocm_channel,53.upper_frequency,Y,
ocm_channel,54.index,Y,
ocm_channel,54.lower_frequency,Y,
ocm_channel,54.optical_power,Y,
ocm_channel,54.psd,Y,
ocm_channel,54.upper_frequency,Y,
ocm_channel,55.index,Y,
ocm_channel,55.lower_frequency,Y,
ocm_channel,55.optical_power,Y,
ocm_channel,55.psd,Y,
ocm_channel,55.upper_frequency,Y,
ocm_channel,56.index,Y,
ocm_channel,56.lower_frequency,Y,
ocm_channel,56.optical_power,Y,
ocm_channel,56.psd,Y,
ocm_channel,56.upper_frequency,Y,
ocm_channel,57.index,Y,
ocm_channel,57.lower_frequency,Y,
ocm_channel,57.optical_power,Y,
ocm_channel,57.psd,Y,
ocm_channel,57.upper_frequency,Y,
ocm_channel,58.index,Y,
ocm_channel,58.lower_frequency,Y,
ocm_channel,58.optical_power,Y,
ocm_channel,58.psd,Y,
ocm_channel,58.upper_frequency,Y,
ocm_channel,59.index,Y,
ocm_channel,59.lower_frequency,Y,
ocm_channel,59.optical_power,Y,
ocm_channel,59.psd,Y,
ocm_channel,59.upper_frequency,Y,
ocm_channel,6.index,Y,
ocm_channel,6.lower_frequency,Y,
ocm_channel,6.optical_power,Y,
ocm_channel,6.psd,Y,
ocm_channel,6.upper_frequency,Y,
ocm_channel,60.index,Y,
ocm_channel,60.lower_frequency,Y,
ocm_channel,60.optical_power,Y,
ocm_channel,60.psd,Y,
ocm_channel,60.upper_frequency,Y,
ocm_channel,61.index,Y,
ocm_channel,61.lower_frequency,Y,
ocm_channel,61.optical_power,Y,
ocm_channel,61.psd,Y,
ocm_channel,61.upper_frequency,Y,
ocm_channel,62.index,Y,
ocm_channel,62.lower_frequency,Y,
ocm_channel,62.optical_power,Y,
ocm_channel,62.psd,Y,
ocm_channel,62.upper_frequency,Y,
ocm_channel,63.index,Y,
ocm_channel,63.lower_frequency,Y,
ocm_channel,63.optical_power,Y,
ocm_channel,63.psd,Y,
ocm_channel,63.upper_frequency,Y,
ocm_channel,64.index,Y,
ocm_channel,64.lower_frequency,Y,
ocm_channel,64.optical_power,Y,
ocm_channel,64.psd,Y,
ocm_channel,64.upper_frequency,Y,
ocm_channel,65.index,Y,
ocm_channel,65.lower_frequency,Y,
ocm_channel,65.optical_power,Y,
ocm_channel,65.psd,Y,
ocm_channel,65.upper_frequency,Y,
ocm_channel,66.index,Y,
ocm_channel,66.lower_frequency,Y,
ocm_channel,66.optical_power,Y,
ocm_channel,66.psd,Y,
ocm_channel,66.upper_frequency,Y,
ocm_channel,67.index,Y,
ocm_channel,67.lower_frequency,Y,
ocm_channel,67.optical_power,Y,
ocm_channel,67.psd,Y,
ocm_channel,67.upper_frequency,Y,
ocm_channel,68.index,Y,
ocm_channel,68.lower_frequency,Y,
ocm_channel,68.optical_power,Y,
ocm_channel,68.psd,Y,
ocm_channel,68.upper_frequency,Y,
ocm_channel,69.index,Y,
ocm_channel,69.lower_frequency,Y,
ocm_channel,69.optical_power,Y,
ocm_channel,69.psd,Y,
ocm_channel,69.upper_frequency,Y,
ocm_channel,7.index,Y,
ocm_channel,7.lower_frequency,Y,
ocm_channel,7.optical_power,Y,
ocm_channel,7.psd,Y,
ocm_channel,7.upper_frequency,Y,
ocm_channel,70.index,Y,
ocm_channel,70.lower_frequency,Y,
ocm_channel,70.optical_power,Y,
ocm_channel,70.psd,Y,
ocm_channel,70.upper_frequency,Y,
ocm_channel,71.index,Y,
ocm_channel,71.lower_frequency,Y,
ocm_channel,71.optical_power,Y,
ocm_channel,71.psd,Y,
ocm_channel,71.upper_frequency,Y,
ocm_channel,72.index,Y,
ocm_channel,72.lower_frequency,Y,
ocm_channel,72.optical_power,Y,
ocm_channel,72.psd,Y,
ocm_channel,72.upper_frequency,Y,
ocm_channel,73.index,Y,
ocm_channel,73.lower_frequency,Y,
ocm_channel,73.optical_power,Y,
ocm_channel,73.psd,Y,
ocm_channel,73.upper_frequency,Y,
ocm_channel,74.index,Y,
ocm_channel,74.lower_frequency,Y,
ocm_channel,74.optical_power,Y,
ocm_channel,74.psd,Y,
ocm_channel,74.upper_frequency,Y,
ocm_channel,75.index,Y,
ocm_channel,75.lower_frequency,Y,
ocm_channel,75.optical_power,Y,
ocm_channel,75.psd,Y,
ocm_channel,75.upper_frequency,Y,
ocm_channel,76.index,Y,
ocm_channel,76.lower_frequency,Y,
ocm_channel,76.optical_power,Y,
ocm_channel,76.psd,Y,
ocm_channel,76.upper_frequency,Y,
ocm_channel,77.index,Y,
ocm_channel,77.lower_frequency,Y,
ocm_channel,77.optical_power,Y,
ocm_channel,77.psd,Y,
ocm_channel,77.upper_frequency,Y,
ocm_channel,78.index,Y,
ocm_channel,78.lower_frequency,Y,
ocm_channel,78.optical_power,Y,
ocm_channel,78.psd,Y,
ocm_channel,78.upper_frequency,Y,
ocm_channel,79.index,Y,
ocm_channel,79.lower_frequency,Y,
ocm_channel,79.optical_power,Y,
ocm_channel,79.psd,Y,
ocm_channel,79.upper_frequency,Y,
ocm_channel,8.index,Y,
ocm_channel,8.lower_frequency,Y,
ocm_channel,8.optical_power,Y,
ocm_channel,8.psd,Y,
ocm_channel,8.upper_frequency,Y,
ocm_channel,80.index,Y,
ocm_channel,80.lower_frequency,Y,
ocm_channel,80.optical_power,Y,
ocm_channel,80.psd,Y,
ocm_channel,80.upper_frequency,Y,
ocm_channel,81.index,Y,
ocm_channel,81.lower_frequency,Y,
ocm_channel,81.optical_power,Y,
ocm_channel,81.psd,Y,
ocm_channel,81.upper_frequency,Y,
ocm_channel,82.index,Y,
ocm_channel,82.lower_frequency,Y,
ocm_channel,82.optical_power,Y,
ocm_channel,82.psd,Y,
ocm_channel,82.upper_frequency,Y,
ocm_channel,83.index,Y,
ocm_channel,83.lower_frequency,Y,
ocm_channel,83.optical_power,Y,
ocm_channel,83.psd,Y,
ocm_channel,83.upper_frequency,Y,
ocm_channel,84.index,Y,
ocm_channel,84.lower_frequency,Y,
ocm_channel,84.optical_power,Y,
ocm_channel,84.psd,Y,
ocm_channel,84.upper_frequency,Y,
ocm_channel,85.index,Y,
ocm_channel,85.lower_frequency,Y,
ocm_channel,85.optical_power,Y,
ocm_channel,85.psd,Y,
ocm_channel,85.upper_frequency,Y,
ocm_channel,86.index,Y,
ocm_channel,86.lower_frequency,Y,
ocm_channel,86.optical_power,Y,
ocm_channel,86.psd,Y,
ocm_channel,86.upper_frequency,Y,
ocm_channel,87.index,Y,
ocm_channel,87.lower_frequency,Y,
ocm_channel,87.optical_power,Y,
ocm_channel,87.psd,Y,
ocm_channel,87.upper_frequency,Y,
ocm_channel,88.index,Y,
ocm_channel,88.lower_frequency,Y,
ocm_channel,88.optical_power,Y,
ocm_channel,88.psd,Y,
ocm_channel,88.upper_frequency,Y,
ocm_channel,89.index,Y,
ocm_channel,89.lower_frequency,Y,
ocm_channel,89.optical_power,Y,
ocm_channel,89.psd,Y,
ocm_channel,89.upper_frequency,Y,
ocm_channel,9.index,Y,
ocm_channel,9.lower_frequency,Y,
ocm_channel,9.optical_power,Y,
ocm_channel,9.psd,Y,
ocm_channel,9.upper_frequency,Y,
ocm_channel,90.index,Y,
ocm_channel,90.lower_frequency,Y,
ocm_channel,90.optical_power,Y,
ocm_channel,90.psd,Y,
ocm_channel,90.upper_frequency,Y,
ocm_channel,91.index,Y,
ocm_channel,91.lower_frequency,Y,
ocm_channel,91.optical_power,Y,
ocm_channel,91.psd,Y,
ocm_channel,91.upper_frequency,Y,
ocm_channel,92.index,Y,
ocm_channel,92.lower_frequency,Y,
ocm_channel,92.optical_power,Y,
ocm_channel,92.psd,Y,
ocm_channel,92.upper_frequency,Y,
ocm_channel,93.index,Y,
ocm_channel,93.lower_frequency,Y,
ocm_channel,93.optical_power,Y,
ocm_channel,93.psd,Y,
ocm_channel,93.upper_frequency,Y,
ocm_channel,94.index,Y,
ocm_channel,94.lower_frequency,Y,
ocm_channel,94.optical_power,Y,
ocm_channel,94.psd,Y,
ocm_channel,94.upper_frequency,Y,
ocm_channel,95.index,Y,
ocm_channel,95.lower_frequency,Y,
ocm_channel,95.optical_power,Y,
ocm_channel,95.psd,Y,
ocm_channel,95.upper_frequency,Y,
ocm_channel,96.index,Y,
ocm_channel,96.lower_frequency,Y,
ocm_channel,96.optical_power,Y,
ocm_channel,96.psd,Y,
ocm_channel,96.upper_frequency,Y,
ocm_channel,monitor_direction,Y,
ocm_channel,monitor_port,Y,
optical_channel,state.OSNR,Y,
optical_channel,state.carrier_frequency_offset,Y,
optical_channel,state.chromatic_dispersion,Y,
optical_channel,state.frequency,Y,
optical_channel,state.input_power,Y,
optical_channel,state.laser_bias_current,Y,
optical_channel,state.output_power,Y,
optical_channel,state.polarization_dependent_loss,Y,
optical_channel,state.polarization_mode_dispersion,Y,
optical_channel,state.second_order_polarization_mode_dispersion,Y,
optical_channel,state.state_of_polarization,Y,
otn_channel,state.background_block_errors,Y,
otn_channel,state.code_violations,Y,
otn_channel,state.delay,Y,
otn_channel,state.errored_blocks,Y,
otn_channel,state.errored_seconds,Y,
otn_channel,state.esnr,Y,
otn_channel,state.fec_corrected_bits,Y,
otn_channel,state.fec_corrected_bytes,Y,
otn_channel,state.fec_uncorrectable_blocks,Y,
otn_channel,state.fec_uncorrectable_words,Y,
otn_channel,state.post_fec_ber,Y,
otn_channel,state.pre_fec_ber,Y,
otn_channel,state.q_value,Y,
otn_channel,state.severely_errored_seconds,Y,
otn_channel,state.unavailable_seconds,Y,
panel,state.input_current,Y,
panel,state.input_voltage,Y,
panel,state.temperature,Y,
panel,state.used_power,Y,
port,state.input_power,Y,
port,state.output_power,Y,
psu,state.input_current,Y,
psu,state.input_voltage,Y,
psu,state.output_current,Y,
psu,state.output_voltage,Y,
psu,state.temperature,Y,
psu,state.used_power,Y,
supervisory_channel,state.ingress_voa_atten,Y,
supervisory_channel,state.input_power,Y,
supervisory_channel,state.laser_bias_current,Y,
supervisory_channel,state.output_power,Y,
transceiver,state.fec_corrected_bits,Y,
transceiver,state.fec_corrected_bytes,Y,
transceiver,state.fec_uncorrectable_blocks,Y,
transceiver,state.fec_uncorrectable_words,Y,
transceiver,state.input_power,Y,
transceiver,state.input_voltage,Y,
transceiver,state.laser_bias_current,Y,
transceiver,state.output_power,Y,
transceiver,state.post_fec_ber,Y,
transceiver,state.pre_fec_ber,Y,
transceiver,state.temperature,Y,
wavelength_router,state.0.dest_to_source_voa,Y,
wavelength_router,state.0.slice_lower_frequency,Y,
wavelength_router,state.0.slice_upper_frequency,Y,
wavelength_router,state.0.source_to_dest_voa,Y,
wavelength_router,state.1.dest_to_source_voa,Y,
wavelength_router,state.1.slice_lower_frequency,Y,
wavelength_router,state.1.slice_upper_frequency,Y,
wavelength_router,state.1.source_to_dest_voa,Y,
wavelength_router,state.channel_lower_frequency,Y,
wavelength_router,state.channel_upper_frequency,Y,
