friendly-name,pos-x,pos-y
北京中经云,411,-83
新乡,216,143
张北榕泰,407,-427
新郑,-144,676
武汉华师园,509,761
大悟,527,143
火凤凰,605,143
合肥北,683,143
北京望京,416,51
宣化数据中心,396,-319
木子店,216,231
淮阳,294,231
太和,372,231
无锡,505,1670
石家庄荣国,527,231
许昌北,605,231
高刘,683,231
长江三桥,761,231
上海浦东华京,520,2449
廊坊润泽,417,143
郑州中原,446,487
武汉极风,516,943
利辛(利辛),450,318
灵山(灵山),527,318
南京物资大厦,-183,1317
定州,-152,284
邯郸(邯郸),761,318
丁埠,138,406
全椒西,216,406
青云大厦,-162,100
金寨,372,406
长丰,450,406
东三环北,-147,505
驻马店南,36,802
漯河南,-144,828
六安北,761,406
上海宝山纪蕴,563,2265
栏杆集,216,493
沙地房,294,493
苏州,372,493
祁连山,450,493
苏家房,-151,-324
仪征,522,1397
麻城,683,493
张家港乐余,537,1888
沙城(沙城),138,581
仙人山,216,581
包河大道,-169,1130
石家庄讯网,442,298
刘巷子,450,581
涿州,527,581
明港,605,581
黄陂东,683,581
鹤壁(鹤壁),-176,385
冀豫界,138,668
周口,-145,979
武汉西,196,770
北太平庄,-153,-139
孝感东,450,668
邢台,527,668
常州,-168,1531
昆山,-163,1846
怀来总部基地,408,-176
蔡甸,202,970
太仓璜径,565,2092
高邑,294,756
保定,372,756
兰考西,138,138
岳西收费站,216,138
DGE沧州,294,138
开封,58,71
南京刘村,450,138
黄陂东2,527,138
商丘,605,138
陈集,683,138
东花园,1285,-163
徐州苏山,1299,697
郑州(郑州),216,216
马鞍山管理处,294,216
旭北机房,372,216
淮南,450,216
麻城东,527,216
金寨2,605,216
西桥,1074,761
宿迁耿车,761,216
领军,138,294
太仓,1333,2266
淮安尚东,294,294
总路咀收费站,1028,1049
蚌埠,450,294
巢湖管理处,1121,1268
庐江收费站,605,294
DGE泗阳,683,294
银联,773,789
丹阳,138,372
句容,216,372
张家港,1355,1835
桐城收费站,372,372
唐官屯移动,450,372
唐官屯,1277,295
武清杨村,605,372
宏泰美树,1276,153
DGE滕州,761,372
淮北,138,450
望京卷石,1274,9
长岭关服务区,294,450
新仪征,1310,1093
英山收费站,450,450
砀山,527,450
光谷,846,933
宣化东,1287,-328
黄口,761,450
曹县西,138,527
人和,216,527
双沟爱民,294,527
开封2,372,527
槐林收费站,450,527
江阴,1363,1655
常州2,1340,1461
王家庄,683,527
吴山,761,527
宝应融媒,138,605
合肥新桥服务区,216,605
高邮文化宫,1279,924
东光安居,372,605
博野,450,605
南京栖霞,1321,1275
碧溪,1371,2015
数据港大厦,683,605
薛城陶官,761,605
天津福星,138,683
郓城(郓城),216,683
长青万德,294,683
宿州(宿州),372,683
六合,450,683
平阴收费站,527,683
天津小河村,605,683
施岗服务区,683,683
曲阜鲁城,761,683
禹城安居,138,761
德州百得,1276,368
南京电视塔,294,761
岱岳泰安,372,761
朱巷,450,761
济南南苑,1286,497
梁山,605,761
张家口西,683,761
无锡三线,56,-575
鲁西,-54,-558
